<?xml version="1.0" encoding="UTF-8"?>
  <SupportAssistPrebootDiagnosticLog>
    <Schema>1.0.0</Schema>
    <LogNumber>15</LogNumber>
    <LogTimeStamp>12/21/2018 11:28:52</LogTimeStamp>
    <ePSA_Data>
      <Result>Not Reported</Result>
      <DevicesTested>Memory, Hard Drive</DevicesTested>
      <ePSAFullVersion>4304.14</ePSAFullVersion>
      <ePSAInvocationCount>15</ePSAInvocationCount>
    </ePSA_Data>
    <BIOS_Data>
      <ErrorCategory>NO_BOOT</ErrorCategory>
      <ErrorMessage><![CDATA[No bootable devices found.
]]></ErrorMessage>
      <SOS_Available>FALSE</SOS_Available>
      <TimeOutSeconds>0</TimeOutSeconds>
    </BIOS_Data>
  </SupportAssistPrebootDiagnosticLog>
